Workbook

Sheet Sheet1
A1: Mukilteo Bishops' Storehouse | D1: 46209
A2: Monthly Inventory Worksheet, Version 2 | C2: 1 | D2: month supply calculation | P2: Michael's POF
A3: Item number | B3: Product name | C3: Add this number to Michael's POF Tranfer Quantity and return to him 6 | D3: Soonest Use-by Date 1 | E3: Surplus | F3: F Wirtz Minimum (in cases) | G3: G Current Rack count (if below Wirtz #) 2 | H3: H Transfer quantity (pasted into Michael's POF area) 5 | I3: I Send to surplus 3 | J3: J Upcoming Humanitarian count 4 | K3: K G+H-(I+J) Net Stock | L3: Items Per case | M3: Items Per tier | N3: Storehouse Location Row Column Shelf | O3: Item number | P3: Product name | Q3: Transfer quantity
A4: 000213 | B4: Scooters | C4: =IF(AND($C$2*F4>K4,G4+H4+I4+J4<>0),$C$2*F4-K4,0) -> 0 | D4: 46356 | E4: =IF(OR(DATEDIF(TODAY(),D4,"M")=1,DATEDIF(TODAY(),D4,"M")=0),1,0) -> 0 | F4: 27 | G4: 0 | H4: =_xlfn.XLOOKUP("000213", Sheet1!$O$4:$O$115, Sheet1!$Q$4:$Q$115,0) -> 0 | K4: =G4+H4-(I4+J4) -> 0 | L4: 9 | M4: 6 | N4: 1,1,1 | O4: 000014 | P4: Black Beans | Q4: 17 | R4: =YEARfrac(=today,d4)
A5: 000223 | B5: Raisin Bran | C5: =IF(AND($C$2*F5>K5,G5+H5+I5+J5<>0),$C$2*F5-K5,0) -> 7 | D5: 46301 | E5: =IF(OR(DATEDIF(TODAY(),D5,"M")=1,DATEDIF(TODAY(),D5,"M")=0),1,0) -> 0 | F5: 27 | G5: 20 | H5: =_xlfn.XLOOKUP("000223", Sheet1!$O$4:$O$115, Sheet1!$Q$4:$Q$115,0) -> 0 | K5: =G5+H5-(I5+J5) -> 20 | L5: 10 | M5: 9 | N5: 1,1,1 | O5: 000019 | P5: Chicken Breast Pieces (canned) | Q5: 32 | R5: =IF(OR(DATEDIF(TODAY(),D11,"M")=1,DATEDIF(TODAY(),D11,"M"))=0,8,22)
A6: 000231 | B6: Oats, Rolled | C6: =IF(AND($C$2*F6>K6,G6+H6+I6+J6<>0),$C$2*F6-K6,0) -> 0 | D6: 46429 | E6: =IF(OR(DATEDIF(TODAY(),D6,"M")=1,DATEDIF(TODAY(),D6,"M")=0),1,0) -> 0 | F6: 9 | G6: 10 | H6: =_xlfn.XLOOKUP("000231", Sheet1!$O$4:$O$115, Sheet1!$Q$4:$Q$115,0) -> 0 | K6: =G6+H6-(I6+J6) -> 10 | L6: 16 | M6: 9 | N6: 1,2,1 | O6: 000024 | P6: Corn | Q6: 17
A7: 000366 | B7: Diapers #4 | C7: =IF(AND($C$2*F7>K7,G7+H7+I7+J7<>0),$C$2*F7-K7,0) -> 0 | F7: 10 | G7: 0 | H7: =_xlfn.XLOOKUP("000366", Sheet1!$O$4:$O$115, Sheet1!$Q$4:$Q$115,0) -> 0 | K7: =G7+H7-(I7+J7) -> 0 | L7: 4 | M7: 10 | N7: 1,2,1 | O7: 000035 | P7: Instant Potatoes 12/28oz | Q7: 12
A8: 000182 | B8: Baby Cereal- 8oz. | C8: =IF(AND($C$2*F8>K8,G8+H8+I8+J8<>0),$C$2*F8-K8,0) -> 2 | D8: 46260 | E8: =IF(OR(DATEDIF(TODAY(),D8,"M")=1,DATEDIF(TODAY(),D8,"M")=0),1,0) -> 1 | F8: 4 | G8: 10 | H8: =_xlfn.XLOOKUP("000182", Sheet1!$O$4:$O$115, Sheet1!$Q$4:$Q$115,0) -> 0 | I8: 8 | K8: =G8+H8-(I8+J8) -> 2 | L8: 6 | M8: 20 | N8: 1,2,2 | O8: 000037 | P8: Diced Tomatoes 401 | Q8: 20
A9: 000184 | B9: Baby Formula | C9: =IF(AND($C$2*F9>K9,G9+H9+I9+J9<>0),$C$2*F9-K9,0) -> 0 | D9: 46811 | E9: =IF(OR(DATEDIF(TODAY(),D9,"M")=1,DATEDIF(TODAY(),D9,"M")=0),1,0) -> 0 | F9: 4 | G9: 4 | H9: =_xlfn.XLOOKUP("000184", Sheet1!$O$4:$O$115, Sheet1!$Q$4:$Q$115,0) -> 6 | K9: =G9+H9-(I9+J9) -> 10 | L9: 6 | M9: 16 | N9: 1,2,2 | O9: 000039 | P9: Tomato Sauce | Q9: 17
A10: 000362 | B10: Diapers #1 | C10: =IF(AND($C$2*F10>K10,G10+H10+I10+J10<>0),$C$2*F10-K10,0) -> 0 | F10: 8 | G10: 19 | H10: =_xlfn.XLOOKUP("000362", Sheet1!$O$4:$O$115, Sheet1!$Q$4:$Q$115,0) -> 0 | K10: =G10+H10-(I10+J10) -> 19 | L10: 4 | M10: 13 | N10: 1,2,2 | O10: 000042 | P10: Soup, Chicken Flavored Rotini | Q10: 17
A11: 000365 | B11: Diapers #3 | C11: =IF(AND($C$2*F11>K11,G11+H11+I11+J11<>0),$C$2*F11-K11,0) -> 0 | F11: 8 | G11: 0 | H11: =_xlfn.XLOOKUP("000365", Sheet1!$O$4:$O$115, Sheet1!$Q$4:$Q$115,0) -> 0 | K11: =G11+H11-(I11+J11) -> 0 | L11: 4 | M11: 10 | N11: 1,2,2 | O11: 000056 | P11: Applesauce 26.5oz | Q11: 14
A12: 000370 | B12: Baby Wipes | C12: =IF(AND($C$2*F12>K12,G12+H12+I12+J12<>0),$C$2*F12-K12,0) -> 0 | F12: 16 | G12: 68 | H12: =_xlfn.XLOOKUP("000370", Sheet1!$O$4:$O$115, Sheet1!$Q$4:$Q$115,0) -> 0 | J12: 12 | K12: =G12+H12-(I12+J12) -> 56 | L12: 12 | M12: 15 | N12: 1,2,2 | O12: 000090 | P12: Spaghetti Sauce 26.5oz | Q12: 70
A13: 000345 | B13: Liquid Bleach Concentrate (New) | C13: =IF(AND($C$2*F13>K13,G13+H13+I13+J13<>0),$C$2*F13-K13,0) -> 0 | F13: 15 | G13: 31 | H13: =_xlfn.XLOOKUP("000345", Sheet1!$O$4:$O$115, Sheet1!$Q$4:$Q$115,0) -> 0 | K13: =G13+H13-(I13+J13) -> 31 | L13: 6 | M13: 15 | N13: 1,3,1 | O13: 000100 | P13: Evaporated Milk | Q13: 9
A14: 000351 | B14: Cleanser (Ajax or Comet) | C14: =IF(AND($C$2*F14>K14,G14+H14+I14+J14<>0),$C$2*F14-K14,0) -> 0 | F14: 5 | G14: 3 | H14: =_xlfn.XLOOKUP("000351", Sheet1!$O$4:$O$115, Sheet1!$Q$4:$Q$115,0) -> 8 | K14: =G14+H14-(I14+J14) -> 11 | L14: 24 | M14: 9 | N14: 1,3,1 | O14: 000102 | P14: Peanut Butter 16 oz (New) | Q14: 15
A15: 000369 | B15: Aluminum Foil | C15: =IF(AND($C$2*F15>K15,G15+H15+I15+J15<>0),$C$2*F15-K15,0) -> 0 | F15: 4 | G15: 10 | H15: =_xlfn.XLOOKUP("000369", Sheet1!$O$4:$O$115, Sheet1!$Q$4:$Q$115,0) -> 6 | K15: =G15+H15-(I15+J15) -> 16 | L15: 35 | M15: 17 | N15: 1,3,1 | O15: 000109 | P15: Baking Soda 12/12oz | Q15: 8
A16: 000390 | B16: Plastic Wrap | C16: =IF(AND($C$2*F16>K16,G16+H16+I16+J16<>0),$C$2*F16-K16,0) -> 0 | F16: 4 | G16: 9 | H16: =_xlfn.XLOOKUP("000390", Sheet1!$O$4:$O$115, Sheet1!$Q$4:$Q$115,0) -> 6 | K16: =G16+H16-(I16+J16) -> 15 | L16: 24 | M16: 16 | N16: 1,3,1 | O16: 000121 | P16: Pudding, Vanilla | Q16: 4
A17: 000354 | B17: Liquid Dish Soap | C17: =IF(AND($C$2*F17>K17,G17+H17+I17+J17<>0),$C$2*F17-K17,0) -> 0 | F17: 18 | G17: 74 | H17: =_xlfn.XLOOKUP("000354", Sheet1!$O$4:$O$115, Sheet1!$Q$4:$Q$115,0) -> 0 | K17: =G17+H17-(I17+J17) -> 74 | L17: 12 | M17: 17 | N17: 1,3,2 | O17: 000141 | P17: Black Pepper 12/ct | Q17: 8
A18: 000395 | B18: Razor | C18: =IF(AND($C$2*F18>K18,G18+H18+I18+J18<>0),$C$2*F18-K18,0) -> 0 | F18: 10 | G18: 15 | H18: =_xlfn.XLOOKUP("000395", Sheet1!$O$4:$O$115, Sheet1!$Q$4:$Q$115,0) -> 0 | K18: =G18+H18-(I18+J18) -> 15 | L18: 36 | M18: 18 | N18: 1,3,2 | O18: 000151 | P18: Mayo | Q18: 10
A19: 000420 | B19: Shaving Cream 10 oz. (New) | C19: =IF(AND($C$2*F19>K19,G19+H19+I19+J19<>0),$C$2*F19-K19,0) -> 0 | F19: 18 | G19: 21 | H19: =_xlfn.XLOOKUP("000420", Sheet1!$O$4:$O$115, Sheet1!$Q$4:$Q$115,0) -> 0 | K19: =G19+H19-(I19+J19) -> 21 | L19: 6 | M19: 45 | N19: 1,3,2 | O19: 000162 | P19: Sugar, Brown | Q19: 12
A20: 000350 | B20: Lysol Cleaner | C20: =IF(AND($C$2*F20>K20,G20+H20+I20+J20<>0),$C$2*F20-K20,0) -> 0 | F20: 10 | G20: 45 | H20: =_xlfn.XLOOKUP("000350", Sheet1!$O$4:$O$115, Sheet1!$Q$4:$Q$115,0) -> 0 | K20: =G20+H20-(I20+J20) -> 45 | L20: 12 | M20: 9 | N20: 1,4,1 | O20: 000172 | P20: Vanilla Flavor | Q20: 2
A21: 000357 | B21: Dishwasher Detergent (liquid) | C21: =IF(AND($C$2*F21>K21,G21+H21+I21+J21<>0),$C$2*F21-K21,0) -> 0 | F21: 18 | G21: 48 | H21: =_xlfn.XLOOKUP("000357", Sheet1!$O$4:$O$115, Sheet1!$Q$4:$Q$115,0) -> 0 | K21: =G21+H21-(I21+J21) -> 48 | L21: 10 | M21: 12 | N21: 1,4,1 | O21: 000178 | P21: Yeast | Q21: 1
A22: 000363 | B22: Shampoo | C22: =IF(AND($C$2*F22>K22,G22+H22+I22+J22<>0),$C$2*F22-K22,0) -> 0 | F22: 16 | G22: 6 | H22: =_xlfn.XLOOKUP("000363", Sheet1!$O$4:$O$115, Sheet1!$Q$4:$Q$115,0) -> 26 | K22: =G22+H22-(I22+J22) -> 32 | L22: 12 | M22: 26 | N22: 1,4,2 | O22: 000184 | P22: Baby Formula | Q22: 6
A23: 000371 | B23: Hand Soap | C23: =IF(AND($C$2*F23>K23,G23+H23+I23+J23<>0),$C$2*F23-K23,0) -> 5 | F23: 6 | G23: 1 | H23: =_xlfn.XLOOKUP("000371", Sheet1!$O$4:$O$115, Sheet1!$Q$4:$Q$115,0) -> 0 | K23: =G23+H23-(I23+J23) -> 1 | L23: 24 | M23: 21 | N23: 1,4,2 | O23: 000189 | P23: Refried Beans (Dehydrated) | Q23: 9
A24: 000415 | B24: Deodorant, Men | C24: =IF(AND($C$2*F24>K24,G24+H24+I24+J24<>0),$C$2*F24-K24,0) -> 0 | F24: 10 | G24: 12 | H24: =_xlfn.XLOOKUP("000415", Sheet1!$O$4:$O$115, Sheet1!$Q$4:$Q$115,0) -> 0 | K24: =G24+H24-(I24+J24) -> 12 | L24: 12 | M24: 40 | N24: 1,4,2 | O24: 000206 | P24: Pancake and waffle Mix | Q24: 18
A25: 000416 | B25: Deodorant Women | C25: =IF(AND($C$2*F25>K25,G25+H25+I25+J25<>0),$C$2*F25-K25,0) -> 0 | F25: 10 | G25: 21 | H25: =_xlfn.XLOOKUP("000416", Sheet1!$O$4:$O$115, Sheet1!$Q$4:$Q$115,0) -> 0 | K25: =G25+H25-(I25+J25) -> 21 | L25: 12 | M25: 42 | N25: 1,4,2 | O25: 000208 | P25: Cake Mix, Chocolate | Q25: 9
A26: 000421 | B26: Toothpaste | C26: =IF(AND($C$2*F26>K26,G26+H26+I26+J26<>0),$C$2*F26-K26,0) -> 0 | D26: 46752 | E26: =IF(OR(DATEDIF(TODAY(),D26,"M")=1,DATEDIF(TODAY(),D26,"M")=0),1,0) -> 0 | F26: 5 | G26: 6 | H26: =_xlfn.XLOOKUP("000421", Sheet1!$O$4:$O$115, Sheet1!$Q$4:$Q$115,0) -> 12 | K26: =G26+H26-(I26+J26) -> 18 | L26: 24 | M26: 12 | N26: 1,4,2 | O26: 000209 | P26: Cake Mix, Yellow | Q26: 9
A27: 000423 | B27: Toothbrush Adult | C27: =IF(AND($C$2*F27>K27,G27+H27+I27+J27<>0),$C$2*F27-K27,0) -> 0 | F27: 3 | G27: 5 | H27: =_xlfn.XLOOKUP("000423", Sheet1!$O$4:$O$115, Sheet1!$Q$4:$Q$115,0) -> 2 | K27: =G27+H27-(I27+J27) -> 7 | L27: 72 | M27: 20 | N27: 1,4,2 | O27: 000212 | P27: Flour, white 5lb | Q27: 36
A28: 000426 | B28: Toothbrush Child | C28: =IF(AND($C$2*F28>K28,G28+H28+I28+J28<>0),$C$2*F28-K28,0) -> 0 | F28: 6 | G28: 9 | H28: =_xlfn.XLOOKUP("000426", Sheet1!$O$4:$O$115, Sheet1!$Q$4:$Q$115,0) -> 0 | K28: =G28+H28-(I28+J28) -> 9 | L28: 36 | M28: 35 | N28: 1,4,2 | O28: 000234 | P28: Spaghetti | Q28: 12
A29: 000359 | B29: Laundry Detergent | C29: =IF(AND($C$2*F29>K29,G29+H29+I29+J29<>0),$C$2*F29-K29,0) -> 0 | F29: 27 | G29: 0 | H29: =_xlfn.XLOOKUP("000359", Sheet1!$O$4:$O$115, Sheet1!$Q$4:$Q$115,0) -> 48 | K29: =G29+H29-(I29+J29) -> 48 | L29: 6 | M29: 12 | N29: 1,5,1 | O29: 000255 | P29: Potatoes | Q29: 14
A30: 000399 | B30: Sanitary Pads | C30: =IF(AND($C$2*F30>K30,G30+H30+I30+J30<>0),$C$2*F30-K30,0) -> 0 | F30: 3 | G30: 64 | H30: =_xlfn.XLOOKUP("000399", Sheet1!$O$4:$O$115, Sheet1!$Q$4:$Q$115,0) -> 0 | J30: 31 | K30: =G30+H30-(I30+J30) -> 33 | L30: 12 | M30: 9 | N30: 1,5,1 | O30: 000267 | P30: Apples | Q30: 12
A31: 000406 | B31: Tampons -- Regular | C31: =IF(AND($C$2*F31>K31,G31+H31+I31+J31<>0),$C$2*F31-K31,0) -> 0 | F31: 5 | G31: 10 | H31: =_xlfn.XLOOKUP("000406", Sheet1!$O$4:$O$115, Sheet1!$Q$4:$Q$115,0) -> 0 | K31: =G31+H31-(I31+J31) -> 10 | L31: 6 | M31: 28 | N31: 1,5,2 | O31: 000289 | P31: Hot Cocoa | Q31: 12
A32: 000407 | B32: Tampons -- Super | C32: =IF(AND($C$2*F32>K32,G32+H32+I32+J32<>0),$C$2*F32-K32,0) -> 0 | F32: 5 | G32: 12 | H32: =_xlfn.XLOOKUP("000407", Sheet1!$O$4:$O$115, Sheet1!$Q$4:$Q$115,0) -> 0 | K32: =G32+H32-(I32+J32) -> 12 | L32: 6 | M32: 24 | N32: 1,5,2 | O32: 000292 | P32: Butter | Q32: 13
A33: 000419 | B33: Toilet Paper 4 pack | C33: =IF(AND($C$2*F33>K33,G33+H33+I33+J33<>0),$C$2*F33-K33,0) -> 44 | F33: 84 | G33: 0 | H33: =_xlfn.XLOOKUP("000419", Sheet1!$O$4:$O$115, Sheet1!$Q$4:$Q$115,0) -> 40 | K33: =G33+H33-(I33+J33) -> 40 | L33: 12 | M33: 8 | N33: 1,6,1 | O33: 000298 | P33: Cheese | Q33: 12
A34: 000206 | B34: Pancake Mix | C34: =IF(AND($C$2*F34>K34,G34+H34+I34+J34<>0),$C$2*F34-K34,0) -> 0 | D34: 46569 | E34: =IF(OR(DATEDIF(TODAY(),D34,"M")=1,DATEDIF(TODAY(),D34,"M")=0),1,0) -> 0 | F34: 9 | G34: 15 | H34: =_xlfn.XLOOKUP("000206", Sheet1!$O$4:$O$115, Sheet1!$Q$4:$Q$115,0) -> 18 | K34: =G34+H34-(I34+J34) -> 33 | L34: 8 | M34: 9 | N34: 2,1,1 | O34: 000305 | P34: Beef Ground | Q34: 20
A35: 000234 | B35: Spaghetti | C35: =IF(AND($C$2*F35>K35,G35+H35+I35+J35<>0),$C$2*F35-K35,0) -> 0 | D35: 47001 | E35: =IF(OR(DATEDIF(TODAY(),D35,"M")=1,DATEDIF(TODAY(),D35,"M")=0),1,0) -> 0 | F35: 5 | G35: 0 | H35: =_xlfn.XLOOKUP("000234", Sheet1!$O$4:$O$115, Sheet1!$Q$4:$Q$115,0) -> 12 | K35: =G35+H35-(I35+J35) -> 12 | L35: 24 | M35: 12 | N35: 2,1,1 | O35: 000310 | P35: Beef Stewing | Q35: 10
A36: 000222 | B36: Macaroni & Cheese | C36: =IF(AND($C$2*F36>K36,G36+H36+I36+J36<>0),$C$2*F36-K36,0) -> 0 | D36: 47139 | E36: =IF(OR(DATEDIF(TODAY(),D36,"M")=1,DATEDIF(TODAY(),D36,"M")=0),1,0) -> 0 | F36: 5 | G36: 81 | H36: =_xlfn.XLOOKUP("000222", Sheet1!$O$4:$O$115, Sheet1!$Q$4:$Q$115,0) -> 0 | J36: 43 | K36: =G36+H36-(I36+J36) -> 38 | L36: 48 | M36: 10 | N36: 2,1,2 | O36: 000313 | P36: Beef Roast | Q36: 20
A37: 000226 | B37: Ribbon Pasta | C37: =IF(AND($C$2*F37>K37,G37+H37+I37+J37<>0),$C$2*F37-K37,0) -> 0 | D37: 46935 | E37: =IF(OR(DATEDIF(TODAY(),D37,"M")=1,DATEDIF(TODAY(),D37,"M")=0),1,0) -> 0 | F37: 7 | G37: 17 | H37: =_xlfn.XLOOKUP("000226", Sheet1!$O$4:$O$115, Sheet1!$Q$4:$Q$115,0) -> 0 | K37: =G37+H37-(I37+J37) -> 17 | L37: 24 | M37: 7 | N37: 2,1,2 | O37: 000320 | P37: Ham | Q37: 10
A38: 000167 | B38: Sugar | C38: =IF(AND($C$2*F38>K38,G38+H38+I38+J38<>0),$C$2*F38-K38,0) -> 0 | D38: 47307 | E38: =IF(OR(DATEDIF(TODAY(),D38,"M")=1,DATEDIF(TODAY(),D38,"M")=0),1,0) -> 0 | F38: 10 | G38: 0 | H38: =_xlfn.XLOOKUP("000167", Sheet1!$O$4:$O$115, Sheet1!$Q$4:$Q$115,0) -> 0 | K38: =G38+H38-(I38+J38) -> 0 | L38: 10 | M38: 10 | N38: 2,2,1 | O38: 000325 | P38: Pork Roast- 10 Count | Q38: 10
A39: 000211 | B39: White Flour | C39: =IF(AND($C$2*F39>K39,G39+H39+I39+J39<>0),$C$2*F39-K39,0) -> 0 | D39: 46664 | E39: =IF(OR(DATEDIF(TODAY(),D39,"M")=1,DATEDIF(TODAY(),D39,"M")=0),1,0) -> 0 | F39: 9 | G39: 0 | H39: =_xlfn.XLOOKUP("000211", Sheet1!$O$4:$O$115, Sheet1!$Q$4:$Q$115,0) -> 0 | K39: =G39+H39-(I39+J39) -> 0 | L39: 4 | M39: 9 | N39: 2,2,1 | O39: 000331 | P39: IQF Chicken Breast | Q39: 30
A40: 000212 | B40: White Flour 5lb | C40: =IF(AND($C$2*F40>K40,G40+H40+I40+J40<>0),$C$2*F40-K40,0) -> 0 | F40: 9 | G40: 36 | H40: =_xlfn.XLOOKUP("000212", Sheet1!$O$4:$O$115, Sheet1!$Q$4:$Q$115,0) -> 36 | K40: =G40+H40-(I40+J40) -> 72 | L40: 4 | M40: 10 | N40: 2,2,1 | O40: 000343 | P40: Beef Franks | Q40: 10
A41: 000162 | B41: Brown Sugar | C41: =IF(AND($C$2*F41>K41,G41+H41+I41+J41<>0),$C$2*F41-K41,0) -> 0 | F41: 5 | G41: 15 | H41: =_xlfn.XLOOKUP("000162", Sheet1!$O$4:$O$115, Sheet1!$Q$4:$Q$115,0) -> 12 | K41: =G41+H41-(I41+J41) -> 27 | L41: 12 | M41: 12 | N41: 2,2,2 | O41: 000351 | P41: Cleanser | Q41: 8
A42: 000168 | B42: Powdered Sugar | C42: =IF(AND($C$2*F42>K42,G42+H42+I42+J42<>0),$C$2*F42-K42,0) -> 0 | F42: 3 | G42: 7 | H42: =_xlfn.XLOOKUP("000168", Sheet1!$O$4:$O$115, Sheet1!$Q$4:$Q$115,0) -> 0 | K42: =G42+H42-(I42+J42) -> 7 | L42: 12 | M42: 12 | N42: 2,2,2 | O42: 000359 | P42: Laundry Detergent | Q42: 48
A43: 000219 | B43: Macaroni | C43: =IF(AND($C$2*F43>K43,G43+H43+I43+J43<>0),$C$2*F43-K43,0) -> 0 | D43: 47091 | E43: =IF(OR(DATEDIF(TODAY(),D43,"M")=1,DATEDIF(TODAY(),D43,"M")=0),1,0) -> 0 | F43: 5 | G43: 14 | H43: =_xlfn.XLOOKUP("000219", Sheet1!$O$4:$O$115, Sheet1!$Q$4:$Q$115,0) -> 0 | K43: =G43+H43-(I43+J43) -> 14 | L43: 20 | M43: 14 | N43: 2,2,2 | O43: 000363 | P43: Shampoo with Conditioner | Q43: 26
A44: 000093 | B44: Salsa | C44: =IF(AND($C$2*F44>K44,G44+H44+I44+J44<>0),$C$2*F44-K44,0) -> 0 | D44: 46478 | E44: =IF(OR(DATEDIF(TODAY(),D44,"M")=1,DATEDIF(TODAY(),D44,"M")=0),1,0) -> 0 | F44: 10 | G44: 0 | H44: =_xlfn.XLOOKUP("000093", Sheet1!$O$4:$O$115, Sheet1!$Q$4:$Q$115,0) -> 0 | K44: =G44+H44-(I44+J44) -> 0 | L44: 12 | M44: 14 | N44: 2,3,1 | O44: 000369 | P44: Aluminum Foil | Q44: 6
A45: 000139 | B45: Pancake Syrup | C45: =IF(AND($C$2*F45>K45,G45+H45+I45+J45<>0),$C$2*F45-K45,0) -> 0 | D45: 46661 | E45: =IF(OR(DATEDIF(TODAY(),D45,"M")=1,DATEDIF(TODAY(),D45,"M")=0),1,0) -> 0 | F45: 10 | G45: 0 | H45: =_xlfn.XLOOKUP("000139", Sheet1!$O$4:$O$115, Sheet1!$Q$4:$Q$115,0) -> 0 | K45: =G45+H45-(I45+J45) -> 0 | L45: 12 | M45: 18 | N45: 2,3,1 | O45: 000390 | P45: Plastic Wrap | Q45: 6
A46: 000086 | B46: Raspberry Jam | C46: =IF(AND($C$2*F46>K46,G46+H46+I46+J46<>0),$C$2*F46-K46,0) -> 0 | D46: 46507 | E46: =IF(OR(DATEDIF(TODAY(),D46,"M")=1,DATEDIF(TODAY(),D46,"M")=0),1,0) -> 0 | F46: 10 | G46: 0 | H46: =_xlfn.XLOOKUP("000086", Sheet1!$O$4:$O$115, Sheet1!$Q$4:$Q$115,0) -> 0 | K46: =G46+H46-(I46+J46) -> 0 | L46: 12 | M46: 20 | N46: 2,3,2 | O46: 000419 | P46: Toilet Paper 4 pack | Q46: 40
A47: 000089 | B47: Strawberry Jam | C47: =IF(AND($C$2*F47>K47,G47+H47+I47+J47<>0),$C$2*F47-K47,0) -> 0 | D47: 46508 | E47: =IF(OR(DATEDIF(TODAY(),D47,"M")=1,DATEDIF(TODAY(),D47,"M")=0),1,0) -> 0 | F47: 10 | G47: 0 | H47: =_xlfn.XLOOKUP("000089", Sheet1!$O$4:$O$115, Sheet1!$Q$4:$Q$115,0) -> 0 | K47: =G47+H47-(I47+J47) -> 0 | L47: 12 | M47: 20 | N47: 2,3,2 | O47: 000421 | P47: Toothpaste | Q47: 12
A48: 000102 | B48: Peanut Butter | C48: =IF(AND($C$2*F48>K48,G48+H48+I48+J48<>0),$C$2*F48-K48,0) -> 0 | D48: 46327 | E48: =IF(OR(DATEDIF(TODAY(),D48,"M")=1,DATEDIF(TODAY(),D48,"M")=0),1,0) -> 0 | F48: 5 | G48: 0 | H48: =_xlfn.XLOOKUP("000102", Sheet1!$O$4:$O$115, Sheet1!$Q$4:$Q$115,0) -> 15 | K48: =G48+H48-(I48+J48) -> 15 | L48: 24 | M48: 15 | N48: 2,3,2 | O48: 000423 | P48: Toothbrush, Adult | Q48: 2
A49: 000094 | B49: Ketchup | C49: =IF(AND($C$2*F49>K49,G49+H49+I49+J49<>0),$C$2*F49-K49,0) -> 0 | D49: 46539 | E49: =IF(OR(DATEDIF(TODAY(),D49,"M")=1,DATEDIF(TODAY(),D49,"M")=0),1,0) -> 0 | F49: 10 | G49: 0 | H49: =_xlfn.XLOOKUP("000094", Sheet1!$O$4:$O$115, Sheet1!$Q$4:$Q$115,0) -> 0 | K49: =G49+H49-(I49+J49) -> 0 | L49: 12 | M49: 20 | N49: 2,4,1 | O49: 0 | P49: Dummy product
A50: 000159 | B50: Vegetable Oil (Canola) | C50: =IF(AND($C$2*F50>K50,G50+H50+I50+J50<>0),$C$2*F50-K50,0) -> 0 | D50: 46475 | E50: =IF(OR(DATEDIF(TODAY(),D50,"M")=1,DATEDIF(TODAY(),D50,"M")=0),1,0) -> 0 | F50: 27 | G50: 54 | H50: =_xlfn.XLOOKUP("000159", Sheet1!$O$4:$O$115, Sheet1!$Q$4:$Q$115,0) -> 0 | K50: =G50+H50-(I50+J50) -> 54 | L50: 12 | M50: 18 | N50: 2,4,1 | O50: 0 | P50: Dummy product
A51: 000098 | B51: Honey | C51: =IF(AND($C$2*F51>K51,G51+H51+I51+J51<>0),$C$2*F51-K51,0) -> 0 | F51: 10 | G51: 0 | H51: =_xlfn.XLOOKUP("000098", Sheet1!$O$4:$O$115, Sheet1!$Q$4:$Q$115,0) -> 0 | K51: =G51+H51-(I51+J51) -> 0 | L51: 12 | M51: 24 | N51: 2,4,2 | O51: 0 | P51: Dummy product
A52: 000151 | B52: Mayo | C52: =IF(AND($C$2*F52>K52,G52+H52+I52+J52<>0),$C$2*F52-K52,0) -> 0 | D52: 46251 | E52: =IF(OR(DATEDIF(TODAY(),D52,"M")=1,DATEDIF(TODAY(),D52,"M")=0),1,0) -> 1 | F52: 10 | G52: 4 | H52: =_xlfn.XLOOKUP("000151", Sheet1!$O$4:$O$115, Sheet1!$Q$4:$Q$115,0) -> 10 | I52: 2 | K52: =G52+H52-(I52+J52) -> 12 | L52: 12 | M52: 15 | N52: 2,4,2 | O52: 0 | P52: Dummy product
A53: 000152 | B53: Ranch Dressing | C53: =IF(AND($C$2*F53>K53,G53+H53+I53+J53<>0),$C$2*F53-K53,0) -> 3 | D53: 46255 | E53: =IF(OR(DATEDIF(TODAY(),D53,"M")=1,DATEDIF(TODAY(),D53,"M")=0),1,0) -> 1 | F53: 27 | G53: 24 | H53: =_xlfn.XLOOKUP("000152", Sheet1!$O$4:$O$115, Sheet1!$Q$4:$Q$115,0) -> 0 | K53: =G53+H53-(I53+J53) -> 24 | L53: 6 | M53: 42 | N53: 2,4,2 | O53: 0 | P53: Dummy product
A54: 000187 | B54: Pinto Beans | C54: =IF(AND($C$2*F54>K54,G54+H54+I54+J54<>0),$C$2*F54-K54,0) -> 0 | D54: 46594 | E54: =IF(OR(DATEDIF(TODAY(),D54,"M")=1,DATEDIF(TODAY(),D54,"M")=0),1,0) -> 0 | F54: 2 | G54: 0 | H54: =_xlfn.XLOOKUP("000187", Sheet1!$O$4:$O$115, Sheet1!$Q$4:$Q$115,0) -> 0 | K54: =G54+H54-(I54+J54) -> 0 | L54: 24 | M54: 13 | N54: 2,5,1 | O54: 0 | P54: Dummy product
A55: 000189 | B55: Refried Beans | C55: =IF(AND($C$2*F55>K55,G55+H55+I55+J55<>0),$C$2*F55-K55,0) -> 0 | D55: 46486 | E55: =IF(OR(DATEDIF(TODAY(),D55,"M")=1,DATEDIF(TODAY(),D55,"M")=0),1,0) -> 0 | F55: 3 | G55: 4 | H55: =_xlfn.XLOOKUP("000189", Sheet1!$O$4:$O$115, Sheet1!$Q$4:$Q$115,0) -> 9 | K55: =G55+H55-(I55+J55) -> 13 | L55: 12 | M55: 9 | N55: 2,5,1 | O55: 0 | P55: Dummy product
A56: 000228 | B56: Rice 2# | C56: =IF(AND($C$2*F56>K56,G56+H56+I56+J56<>0),$C$2*F56-K56,0) -> 0 | D56: 46628 | E56: =IF(OR(DATEDIF(TODAY(),D56,"M")=1,DATEDIF(TODAY(),D56,"M")=0),1,0) -> 0 | F56: 26 | G56: 49 | H56: =_xlfn.XLOOKUP("000228", Sheet1!$O$4:$O$115, Sheet1!$Q$4:$Q$115,0) -> 0 | K56: =G56+H56-(I56+J56) -> 49 | L56: 12 | M56: 13 | N56: 2,5,1 | O56: 0 | P56: Dummy product
A57: 000035 | B57: Instant Potatoes 12/28oz | C57: =IF(AND($C$2*F57>K57,G57+H57+I57+J57<>0),$C$2*F57-K57,0) -> 0 | D57: 46295 | E57: =IF(OR(DATEDIF(TODAY(),D57,"M")=1,DATEDIF(TODAY(),D57,"M")=0),1,0) -> 0 | F57: 5 | G57: 18 | H57: =_xlfn.XLOOKUP("000035", Sheet1!$O$4:$O$115, Sheet1!$Q$4:$Q$115,0) -> 12 | K57: =G57+H57-(I57+J57) -> 30 | L57: 12 | M57: 12 | N57: 2,5,2 | O57: 0 | P57: Dummy product
A58: 000100 | B58: Evaporated Milk | C58: =IF(AND($C$2*F58>K58,G58+H58+I58+J58<>0),$C$2*F58-K58,0) -> 0 | D58: 46392 | E58: =IF(OR(DATEDIF(TODAY(),D58,"M")=1,DATEDIF(TODAY(),D58,"M")=0),1,0) -> 0 | F58: 4 | G58: 20 | H58: =_xlfn.XLOOKUP("000100", Sheet1!$O$4:$O$115, Sheet1!$Q$4:$Q$115,0) -> 9 | K58: =G58+H58-(I58+J58) -> 29 | L58: 24 | M58: 9 | N58: 2,5,2 | O58: 0 | P58: Dummy product
A59: 000121 | B59: Vanilla Pudding | C59: =IF(AND($C$2*F59>K59,G59+H59+I59+J59<>0),$C$2*F59-K59,0) -> 0 | D59: 46600 | E59: =IF(OR(DATEDIF(TODAY(),D59,"M")=1,DATEDIF(TODAY(),D59,"M")=0),1,0) -> 0 | F59: 2 | G59: 4 | H59: =_xlfn.XLOOKUP("000121", Sheet1!$O$4:$O$115, Sheet1!$Q$4:$Q$115,0) -> 4 | K59: =G59+H59-(I59+J59) -> 8 | L59: 48 | M59: 12 | N59: 2,6,1 | O59: 0 | P59: Dummy product
A60: 000124 | B60: Pudding, Chocolate | C60: =IF(AND($C$2*F60>K60,G60+H60+I60+J60<>0),$C$2*F60-K60,0) -> 0 | D60: 46447 | E60: =IF(OR(DATEDIF(TODAY(),D60,"M")=1,DATEDIF(TODAY(),D60,"M")=0),1,0) -> 0 | F60: 3 | G60: 8 | H60: =_xlfn.XLOOKUP("000124", Sheet1!$O$4:$O$115, Sheet1!$Q$4:$Q$115,0) -> 0 | K60: =G60+H60-(I60+J60) -> 8 | L60: 48 | M60: 12 | N60: 2,6,1 | O60: 0 | P60: Dummy product
A61: 000153 | B61: Salt Iodized | C61: =IF(AND($C$2*F61>K61,G61+H61+I61+J61<>0),$C$2*F61-K61,0) -> 0 | F61: 4 | G61: 6 | H61: =_xlfn.XLOOKUP("000153", Sheet1!$O$4:$O$115, Sheet1!$Q$4:$Q$115,0) -> 0 | K61: =G61+H61-(I61+J61) -> 6 | L61: 24 | M61: 14 | N61: 2,6,1 | O61: 0 | P61: Dummy product
A62: 000135 | B62: Strawberry Gelatin | C62: =IF(AND($C$2*F62>K62,G62+H62+I62+J62<>0),$C$2*F62-K62,0) -> 0 | D62: 46270 | E62: =IF(OR(DATEDIF(TODAY(),D62,"M")=1,DATEDIF(TODAY(),D62,"M")=0),1,0) -> 1 | F62: 3 | G62: 11 | H62: =_xlfn.XLOOKUP("000135", Sheet1!$O$4:$O$115, Sheet1!$Q$4:$Q$115,0) -> 0 | K62: =G62+H62-(I62+J62) -> 11 | L62: 24 | M62: 13 | N62: 2,6,2 | O62: 0 | P62: Dummy product
A63: 000208 | B63: Chocolate Cake Mix | C63: =IF(AND($C$2*F63>K63,G63+H63+I63+J63<>0),$C$2*F63-K63,0) -> 0 | D63: 46698 | E63: =IF(OR(DATEDIF(TODAY(),D63,"M")=1,DATEDIF(TODAY(),D63,"M")=0),1,0) -> 0 | F63: 3 | G63: 12 | H63: =_xlfn.XLOOKUP("000208", Sheet1!$O$4:$O$115, Sheet1!$Q$4:$Q$115,0) -> 9 | K63: =G63+H63-(I63+J63) -> 21 | L63: 22 | M63: 9 | N63: 2,6,2 | O63: 0 | P63: Dummy product
A64: 000209 | B64: Yellow Cake Mix | C64: =IF(AND($C$2*F64>K64,G64+H64+I64+J64<>0),$C$2*F64-K64,0) -> 0 | D64: 46688 | E64: =IF(OR(DATEDIF(TODAY(),D64,"M")=1,DATEDIF(TODAY(),D64,"M")=0),1,0) -> 0 | F64: 3 | G64: 10 | H64: =_xlfn.XLOOKUP("000209", Sheet1!$O$4:$O$115, Sheet1!$Q$4:$Q$115,0) -> 9 | K64: =G64+H64-(I64+J64) -> 19 | L64: 22 | M64: 9 | N64: 2,6,2 | O64: 0 | P64: Dummy product
A65: 000109 | B65: Baking Soda 12/12oz | C65: =IF(AND($C$2*F65>K65,G65+H65+I65+J65<>0),$C$2*F65-K65,0) -> 0 | F65: 4 | G65: 15 | H65: =_xlfn.XLOOKUP("000109", Sheet1!$O$4:$O$115, Sheet1!$Q$4:$Q$115,0) -> 8 | K65: =G65+H65-(I65+J65) -> 23 | L65: 12 | M65: 18 | N65: 2,7,1 | O65: 0 | P65: Dummy product
A66: 000147 | B66: Mustard | C66: =IF(AND($C$2*F66>K66,G66+H66+I66+J66<>0),$C$2*F66-K66,0) -> 0 | D66: 46353 | E66: =IF(OR(DATEDIF(TODAY(),D66,"M")=1,DATEDIF(TODAY(),D66,"M")=0),1,0) -> 0 | F66: 5 | G66: 6 | H66: =_xlfn.XLOOKUP("000147", Sheet1!$O$4:$O$115, Sheet1!$Q$4:$Q$115,0) -> 0 | K66: =G66+H66-(I66+J66) -> 6 | L66: 24 | M66: 9 | N66: 2,7,2 | O66: 0 | P66: Dummy product
A67: 000106 | B67: Baking Powder | C67: =IF(AND($C$2*F67>K67,G67+H67+I67+J67<>0),$C$2*F67-K67,0) -> 0 | F67: 4 | G67: 10 | H67: =_xlfn.XLOOKUP("000106", Sheet1!$O$4:$O$115, Sheet1!$Q$4:$Q$115,0) -> 0 | K67: =G67+H67-(I67+J67) -> 10 | L67: 12 | M67: 18 | N67: 2,7,3 | O67: 0 | P67: Dummy product
A68: 000172 | B68: Vanilla Extract | C68: =IF(AND($C$2*F68>K68,G68+H68+I68+J68<>0),$C$2*F68-K68,0) -> 0 | F68: 1 | G68: 3 | H68: =_xlfn.XLOOKUP("000172", Sheet1!$O$4:$O$115, Sheet1!$Q$4:$Q$115,0) -> 2 | K68: =G68+H68-(I68+J68) -> 5 | L68: 48 | M68: 10 | N68: 2,7,3 | O68: 0 | P68: Dummy product
A69: 000114 | B69: Cinnamon | C69: =IF(AND($C$2*F69>K69,G69+H69+I69+J69<>0),$C$2*F69-K69,0) -> 0 | D69: 46450 | E69: =IF(OR(DATEDIF(TODAY(),D69,"M")=1,DATEDIF(TODAY(),D69,"M")=0),1,0) -> 0 | F69: 10 | G69: 12 | H69: =_xlfn.XLOOKUP("000114", Sheet1!$O$4:$O$115, Sheet1!$Q$4:$Q$115,0) -> 0 | K69: =G69+H69-(I69+J69) -> 12 | L69: 12 | M69: 40 | N69: 2,7,4 | O69: 0 | P69: Dummy product
A70: 000141 | B70: Black Pepper 12/ct | C70: =IF(AND($C$2*F70>K70,G70+H70+I70+J70<>0),$C$2*F70-K70,0) -> 0 | D70: 46502 | E70: =IF(OR(DATEDIF(TODAY(),D70,"M")=1,DATEDIF(TODAY(),D70,"M")=0),1,0) -> 0 | F70: 10 | G70: 11 | H70: =_xlfn.XLOOKUP("000141", Sheet1!$O$4:$O$115, Sheet1!$Q$4:$Q$115,0) -> 8 | K70: =G70+H70-(I70+J70) -> 19 | L70: 12 | M70: 40 | N70: 2,7,4 | O70: 0 | P70: Dummy product
A71: 000006 | B71: Beef Stew | C71: =IF(AND($C$2*F71>K71,G71+H71+I71+J71<>0),$C$2*F71-K71,0) -> 0 | D71: 46478 | E71: =IF(OR(DATEDIF(TODAY(),D71,"M")=1,DATEDIF(TODAY(),D71,"M")=0),1,0) -> 0 | F71: 10 | G71: 68 | H71: =_xlfn.XLOOKUP("000006", Sheet1!$O$4:$O$115, Sheet1!$Q$4:$Q$115,0) -> 0 | J71: 27 | K71: =G71+H71-(I71+J71) -> 41 | L71: 24 | M71: 17 | N71: 3,2,1 | O71: 0 | P71: Dummy product
A72: 000009 | B72: Chili | C72: =IF(AND($C$2*F72>K72,G72+H72+I72+J72<>0),$C$2*F72-K72,0) -> 0 | D72: 46478 | E72: =IF(OR(DATEDIF(TODAY(),D72,"M")=1,DATEDIF(TODAY(),D72,"M")=0),1,0) -> 0 | F72: 17 | G72: 37 | H72: =_xlfn.XLOOKUP("000009", Sheet1!$O$4:$O$115, Sheet1!$Q$4:$Q$115,0) -> 0 | K72: =G72+H72-(I72+J72) -> 37 | L72: 24 | M72: 17 | N72: 3,2,1 | O72: 0 | P72: Dummy product
A73: 000003 | B73: Fully Cooked Beef | C73: =IF(AND($C$2*F73>K73,G73+H73+I73+J73<>0),$C$2*F73-K73,0) -> 0 | D73: 46539 | E73: =IF(OR(DATEDIF(TODAY(),D73,"M")=1,DATEDIF(TODAY(),D73,"M")=0),1,0) -> 0 | F73: 5 | G73: 27 | H73: =_xlfn.XLOOKUP("000003", Sheet1!$O$4:$O$115, Sheet1!$Q$4:$Q$115,0) -> 0 | K73: =G73+H73-(I73+J73) -> 27 | L73: 24 | M73: 17 | N73: 3,2,2 | O73: 0 | P73: Dummy product
A74: 000012 | B74: Pork n Beans | C74: =IF(AND($C$2*F74>K74,G74+H74+I74+J74<>0),$C$2*F74-K74,0) -> 0 | D74: 46630 | E74: =IF(OR(DATEDIF(TODAY(),D74,"M")=1,DATEDIF(TODAY(),D74,"M")=0),1,0) -> 0 | F74: 10 | G74: 34 | H74: =_xlfn.XLOOKUP("000012", Sheet1!$O$4:$O$115, Sheet1!$Q$4:$Q$115,0) -> 0 | K74: =G74+H74-(I74+J74) -> 34 | L74: 24 | M74: 17 | N74: 3,2,2 | O74: 0 | P74: Dummy product
A75: 000018 | B75: Tuna Fish | C75: =IF(AND($C$2*F75>K75,G75+H75+I75+J75<>0),$C$2*F75-K75,0) -> 0 | D75: 46600 | E75: =IF(OR(DATEDIF(TODAY(),D75,"M")=1,DATEDIF(TODAY(),D75,"M")=0),1,0) -> 0 | F75: 5 | G75: 75 | H75: =_xlfn.XLOOKUP("000018", Sheet1!$O$4:$O$115, Sheet1!$Q$4:$Q$115,0) -> 0 | K75: =G75+H75-(I75+J75) -> 75 | L75: 48 | M75: 14 | N75: 3,3,1 | O75: 0 | P75: Dummy product
A76: 000042 | B76: Chicken w/ Rotini Soup | C76: =IF(AND($C$2*F76>K76,G76+H76+I76+J76<>0),$C$2*F76-K76,0) -> 0 | D76: 46388 | E76: =IF(OR(DATEDIF(TODAY(),D76,"M")=1,DATEDIF(TODAY(),D76,"M")=0),1,0) -> 0 | F76: 17 | G76: 0 | H76: =_xlfn.XLOOKUP("000042", Sheet1!$O$4:$O$115, Sheet1!$Q$4:$Q$115,0) -> 17 | K76: =G76+H76-(I76+J76) -> 17 | L76: 24 | M76: 17 | N76: 3,3,1 | O76: 0 | P76: Dummy product
A77: 000019 | B77: Chicken Breast Pieces | C77: =IF(AND($C$2*F77>K77,G77+H77+I77+J77<>0),$C$2*F77-K77,0) -> 0 | D77: 46936 | E77: =IF(OR(DATEDIF(TODAY(),D77,"M")=1,DATEDIF(TODAY(),D77,"M")=0),1,0) -> 0 | F77: 25 | G77: 48 | H77: =_xlfn.XLOOKUP("000019", Sheet1!$O$4:$O$115, Sheet1!$Q$4:$Q$115,0) -> 32 | K77: =G77+H77-(I77+J77) -> 80 | L77: 12 | M77: 16 | N77: 3,3,2 | O77: 0 | P77: Dummy product
A78: 000045 | B78: Soup, Cream Chicken | C78: =IF(AND($C$2*F78>K78,G78+H78+I78+J78<>0),$C$2*F78-K78,0) -> 0 | D78: 46327 | E78: =IF(OR(DATEDIF(TODAY(),D78,"M")=1,DATEDIF(TODAY(),D78,"M")=0),1,0) -> 0 | F78: 10 | G78: 62 | H78: =_xlfn.XLOOKUP("000045", Sheet1!$O$4:$O$115, Sheet1!$Q$4:$Q$115,0) -> 0 | K78: =G78+H78-(I78+J78) -> 62 | L78: 24 | M78: 17 | N78: 3,3,2 | O78: 0 | P78: Dummy product
A79: 000046 | B79: Cream of Chicken Soup (N) | C79: =IF(AND($C$2*F79>K79,G79+H79+I79+J79<>0),$C$2*F79-K79,0) -> 0 | F79: 5 | G79: 0 | H79: =_xlfn.XLOOKUP("000046", Sheet1!$O$4:$O$115, Sheet1!$Q$4:$Q$115,0) -> 0 | K79: =G79+H79-(I79+J79) -> 0 | L79: 48 | M79: 10 | N79: 3,3,2 | O79: 0 | P79: Dummy product
A80: 000056 | B80: Applesauce | C80: =IF(AND($C$2*F80>K80,G80+H80+I80+J80<>0),$C$2*F80-K80,0) -> 0 | D80: 46661 | E80: =IF(OR(DATEDIF(TODAY(),D80,"M")=1,DATEDIF(TODAY(),D80,"M")=0),1,0) -> 0 | F80: 9 | G80: 42 | H80: =_xlfn.XLOOKUP("000056", Sheet1!$O$4:$O$115, Sheet1!$Q$4:$Q$115,0) -> 14 | K80: =G80+H80-(I80+J80) -> 56 | L80: 12 | M80: 14 | N80: 3,4,1 | O80: 0 | P80: Dummy product
A81: 000024 | B81: Corn | C81: =IF(AND($C$2*F81>K81,G81+H81+I81+J81<>0),$C$2*F81-K81,0) -> 0 | D81: 46631 | E81: =IF(OR(DATEDIF(TODAY(),D81,"M")=1,DATEDIF(TODAY(),D81,"M")=0),1,0) -> 0 | F81: 17 | G81: 32 | H81: =_xlfn.XLOOKUP("000024", Sheet1!$O$4:$O$115, Sheet1!$Q$4:$Q$115,0) -> 17 | K81: =G81+H81-(I81+J81) -> 49 | L81: 24 | M81: 17 | N81: 3,4,2 | O81: 0 | P81: Dummy product
A82: 000048 | B82: Tomato Soup | C82: =IF(AND($C$2*F82>K82,G82+H82+I82+J82<>0),$C$2*F82-K82,0) -> 0 | D82: 46357 | E82: =IF(OR(DATEDIF(TODAY(),D82,"M")=1,DATEDIF(TODAY(),D82,"M")=0),1,0) -> 0 | F82: 8 | G82: 62 | H82: =_xlfn.XLOOKUP("000048", Sheet1!$O$4:$O$115, Sheet1!$Q$4:$Q$115,0) -> 0 | K82: =G82+H82-(I82+J82) -> 62 | L82: 24 | M82: 17 | N82: 3,4,2 | O82: 0 | P82: Dummy product
A83: 000053 | B83: Soup, Cream Mushroom | C83: =IF(AND($C$2*F83>K83,G83+H83+I83+J83<>0),$C$2*F83-K83,0) -> 0 | D83: 46692 | E83: =IF(OR(DATEDIF(TODAY(),D83,"M")=1,DATEDIF(TODAY(),D83,"M")=0),1,0) -> 0 | F83: 10 | G83: 40 | H83: =_xlfn.XLOOKUP("000053", Sheet1!$O$4:$O$115, Sheet1!$Q$4:$Q$115,0) -> 0 | J83: 25 | K83: =G83+H83-(I83+J83) -> 15 | L83: 24 | M83: 17 | N83: 3,4,2 | O83: 0 | P83: Dummy product
A84: 000054 | B84: Cream of Mushroom Soup (N) | C84: =IF(AND($C$2*F84>K84,G84+H84+I84+J84<>0),$C$2*F84-K84,0) -> 0 | F84: 5 | G84: 0 | H84: =_xlfn.XLOOKUP("000054", Sheet1!$O$4:$O$115, Sheet1!$Q$4:$Q$115,0) -> 0 | K84: =G84+H84-(I84+J84) -> 0 | L84: 48 | M84: 17 | N84: 3,4,2 | O84: 0 | P84: Dummy product
A85: 000064 | B85: Pears | C85: =IF(AND($C$2*F85>K85,G85+H85+I85+J85<>0),$C$2*F85-K85,0) -> 0 | D85: 46661 | E85: =IF(OR(DATEDIF(TODAY(),D85,"M")=1,DATEDIF(TODAY(),D85,"M")=0),1,0) -> 0 | F85: 10 | G85: 0 | H85: =_xlfn.XLOOKUP("00006", Sheet1!$O$4:$O$115, Sheet1!$Q$4:$Q$115,0) -> 0 | K85: =G85+H85-(I85+J85) -> 0 | L85: 12 | M85: 10 | N85: 3,5,1 | O85: 0 | P85: Dummy product
A86: 000027 | B86: Green Beans | C86: =IF(AND($C$2*F86>K86,G86+H86+I86+J86<>0),$C$2*F86-K86,0) -> 0 | D86: 46599 | E86: =IF(OR(DATEDIF(TODAY(),D86,"M")=1,DATEDIF(TODAY(),D86,"M")=0),1,0) -> 0 | F86: 17 | G86: 34 | H86: =_xlfn.XLOOKUP("000027", Sheet1!$O$4:$O$115, Sheet1!$Q$4:$Q$115,0) -> 0 | K86: =G86+H86-(I86+J86) -> 34 | L86: 24 | M86: 17 | N86: 3,5,2 | O86: 0 | P86: Dummy product
A87: 000039 | B87: Tomato Sauce | C87: =IF(AND($C$2*F87>K87,G87+H87+I87+J87<>0),$C$2*F87-K87,0) -> 0 | D87: 46327 | E87: =IF(OR(DATEDIF(TODAY(),D87,"M")=1,DATEDIF(TODAY(),D87,"M")=0),1,0) -> 0 | F87: 5 | G87: 19 | H87: =_xlfn.XLOOKUP("000039", Sheet1!$O$4:$O$115, Sheet1!$Q$4:$Q$115,0) -> 17 | K87: =G87+H87-(I87+J87) -> 36 | L87: 24 | M87: 17 | N87: 3,5,2 | O87: 0 | P87: Dummy product
A88: 000061 | B88: Peaches | C88: =IF(AND($C$2*F88>K88,G88+H88+I88+J88<>0),$C$2*F88-K88,0) -> 0 | D88: 46997 | E88: =IF(OR(DATEDIF(TODAY(),D88,"M")=1,DATEDIF(TODAY(),D88,"M")=0),1,0) -> 0 | F88: 10 | G88: 34 | H88: =_xlfn.XLOOKUP("000061", Sheet1!$O$4:$O$115, Sheet1!$Q$4:$Q$115,0) -> 0 | K88: =G88+H88-(I88+J88) -> 34 | L88: 12 | M88: 10 | N88: 3,5,2 | O88: 0 | P88: Dummy product
A89: 000037 | B89: Diced Tomatoes | C89: =IF(AND($C$2*F89>K89,G89+H89+I89+J89<>0),$C$2*F89-K89,0) -> 0 | D89: 46446 | E89: =IF(OR(DATEDIF(TODAY(),D89,"M")=1,DATEDIF(TODAY(),D89,"M")=0),1,0) -> 0 | F89: 10 | G89: 29 | H89: =_xlfn.XLOOKUP("000037", Sheet1!$O$4:$O$115, Sheet1!$Q$4:$Q$115,0) -> 20 | K89: =G89+H89-(I89+J89) -> 49 | L89: 12 | M89: 10 | N89: 3,6,1 | O89: 0 | P89: Dummy product
A90: 000090 | B90: Spaghetti Sauce 26.5oz | C90: =IF(AND($C$2*F90>K90,G90+H90+I90+J90<>0),$C$2*F90-K90,0) -> 0 | D90: 46784 | E90: =IF(OR(DATEDIF(TODAY(),D90,"M")=1,DATEDIF(TODAY(),D90,"M")=0),1,0) -> 0 | F90: 14 | G90: 28 | H90: =_xlfn.XLOOKUP("000090", Sheet1!$O$4:$O$115, Sheet1!$Q$4:$Q$115,0) -> 70 | K90: =G90+H90-(I90+J90) -> 98 | L90: 12 | M90: 14 | N90: 3,6,1 | O90: 0 | P90: Dummy product
A91: 000286 | B91: Dry Milk | C91: =IF(AND($C$2*F91>K91,G91+H91+I91+J91<>0),$C$2*F91-K91,0) -> 0 | D91: 46357 | E91: =IF(OR(DATEDIF(TODAY(),D91,"M")=1,DATEDIF(TODAY(),D91,"M")=0),1,0) -> 0 | F91: 1 | G91: 14 | H91: =_xlfn.XLOOKUP("000286", Sheet1!$O$4:$O$115, Sheet1!$Q$4:$Q$115,0) -> 0 | K91: =G91+H91-(I91+J91) -> 14 | L91: 12 | M91: 12 | N91: 3,6,2 | O91: 0 | P91: Dummy product
A92: 000289 | B92: Hot Cocoa | C92: =IF(AND($C$2*F92>K92,G92+H92+I92+J92<>0),$C$2*F92-K92,0) -> 0 | D92: 46660 | E92: =IF(OR(DATEDIF(TODAY(),D92,"M")=1,DATEDIF(TODAY(),D92,"M")=0),1,0) -> 0 | F92: 2 | G92: 18 | H92: =_xlfn.XLOOKUP("000289", Sheet1!$O$4:$O$115, Sheet1!$Q$4:$Q$115,0) -> 12 | K92: =G92+H92-(I92+J92) -> 30 | L92: 12 | M92: 12 | N92: 3,6,2 | O92: 0 | P92: Dummy product
A93: 000439 | B93: Olives | C93: =IF(AND($C$2*F93>K93,G93+H93+I93+J93<>0),$C$2*F93-K93,0) -> 0 | D93: 46992 | E93: =IF(OR(DATEDIF(TODAY(),D93,"M")=1,DATEDIF(TODAY(),D93,"M")=0),1,0) -> 0 | F93: 10 | G93: 23 | H93: =_xlfn.XLOOKUP("000439", Sheet1!$O$4:$O$115, Sheet1!$Q$4:$Q$115,0) -> 0 | K93: =G93+H93-(I93+J93) -> 23 | L93: 24 | M93: 24 | N93: 4,2,1 | O93: 0 | P93: Dummy product
A94: 000014 | B94: Black Beans | C94: =IF(AND($C$2*F94>K94,G94+H94+I94+J94<>0),$C$2*F94-K94,0) -> 0 | D94: 46599 | E94: =IF(OR(DATEDIF(TODAY(),D94,"M")=1,DATEDIF(TODAY(),D94,"M")=0),1,0) -> 0 | F94: 5 | G94: 14 | H94: =_xlfn.XLOOKUP("000014", Sheet1!$O$4:$O$115, Sheet1!$Q$4:$Q$115,0) -> 17 | K94: =G94+H94-(I94+J94) -> 31 | L94: 24 | M94: 17 | N94: 4,4,1 | O94: 0 | P94: Dummy product
A95: 000016 | B95: Great Northern Beans | C95: =IF(AND($C$2*F95>K95,G95+H95+I95+J95<>0),$C$2*F95-K95,0) -> 0 | D95: 46569 | E95: =IF(OR(DATEDIF(TODAY(),D95,"M")=1,DATEDIF(TODAY(),D95,"M")=0),1,0) -> 0 | F95: 5 | G95: 10 | H95: =_xlfn.XLOOKUP("000016", Sheet1!$O$4:$O$115, Sheet1!$Q$4:$Q$115,0) -> 0 | K95: =G95+H95-(I95+J95) -> 10 | L95: 24 | M95: 17 | N95: 4,4,1 | O95: 0 | P95: Dummy product
A96: 000015 | B96: Canned Pinto Beans | C96: =IF(AND($C$2*F96>K96,G96+H96+I96+J96<>0),$C$2*F96-K96,0) -> 0 | D96: 46966 | E96: =IF(OR(DATEDIF(TODAY(),D96,"M")=1,DATEDIF(TODAY(),D96,"M")=0),1,0) -> 0 | F96: 4 | G96: 22 | H96: =_xlfn.XLOOKUP("000015", Sheet1!$O$4:$O$115, Sheet1!$Q$4:$Q$115,0) -> 0 | K96: =G96+H96-(I96+J96) -> 22 | L96: 24 | M96: 17 | N96: 4,4,2 | O96: 0 | P96: Dummy product
A97: 000145 | B97: Raisins | C97: =IF(AND($C$2*F97>K97,G97+H97+I97+J97<>0),$C$2*F97-K97,0) -> 0 | D97: 46371 | E97: =IF(OR(DATEDIF(TODAY(),D97,"M")=1,DATEDIF(TODAY(),D97,"M")=0),1,0) -> 0 | F97: 5 | G97: 16 | H97: =_xlfn.XLOOKUP("000145", Sheet1!$O$4:$O$115, Sheet1!$Q$4:$Q$115,0) -> 0 | K97: =G97+H97-(I97+J97) -> 16 | L97: 12 | M97: 9 | N97: 4,4,2 | O97: 0 | P97: Dummy product
A98: 000437 | B98: Cranberry Sauce | C98: =IF(AND($C$2*F98>K98,G98+H98+I98+J98<>0),$C$2*F98-K98,0) -> 0 | G98: 0 | H98: =_xlfn.XLOOKUP("000437", Sheet1!$O$4:$O$115, Sheet1!$Q$4:$Q$115,0) -> 0 | K98: =G98+H98-(I98+J98) -> 0 | N98: 4,5,1 | O98: 0 | P98: Dummy product
A99: 000440 | B99: Canned Pumpkin | C99: =IF(AND($C$2*F99>K99,G99+H99+I99+J99<>0),$C$2*F99-K99,0) -> 0 | G99: 0 | H99: =_xlfn.XLOOKUP("000440", Sheet1!$O$4:$O$115, Sheet1!$Q$4:$Q$115,0) -> 0 | K99: =G99+H99-(I99+J99) -> 0 | N99: 4,5,1 | O99: 0 | P99: Dummy product
A100: 000442 | B100: Stuffing | C100: =IF(AND($C$2*F100>K100,G100+H100+I100+J100<>0),$C$2*F100-K100,0) -> 0 | G100: 0 | H100: =_xlfn.XLOOKUP("000442", Sheet1!$O$4:$O$115, Sheet1!$Q$4:$Q$115,0) -> 0 | K100: =G100+H100-(I100+J100) -> 0 | N100: 4,5,1 | O100: 0 | P100: Dummy product
...
